{"schemaVersion":"1.0","appDefinitionTemplate":{"id":"/providers/Microsoft.PowerApps/apps/","type":"Microsoft.PowerApps/apps","tags":{"primaryDeviceWidth":"1366","primaryDeviceHeight":"768","sienaVersion":"20210927T211338Z-3.21091.38.0","deviceCapabilities":"","supportsPortrait":"true","supportsLandscape":"true","primaryFormFactor":"Tablet","publisherVersion":"3.21091.38","minimumRequiredApiVersion":"2.2.0","hasComponent":"false","hasUnlockedComponent":"false","isUnifiedRootApp":"false"},"properties":{"appVersion":"2021-09-27T21:13:38Z","lifeCycleId":"Published","createdByClientVersion":{"major":3,"minor":21091,"build":38,"revision":0,"majorRevision":0,"minorRevision":0},"minClientVersion":{"major":3,"minor":21091,"build":38,"revision":0,"majorRevision":0,"minorRevision":0},"backgroundColor":"rgba(0, 176, 240, 1)","backgroundImageUri":"/7653164965672571489/Nc5338e06-9096-402f-86fd-210578960c53-logoSmallFile","displayName":"Multi-day event calendar","description":"","commitMessage":"","appUris":{"documentUri":{"value":"/7653164965672571489/N2c8e8b55-b7bd-4445-b165-82b7e6cfd47b-document.msapp"},"imageUris":[]},"createdTime":"0001-01-01T00:00:00Z","lastModifiedTime":"0001-01-01T00:00:00Z","sharedGroupsCount":0,"sharedUsersCount":0,"icons":{"smallIconUri":"/7653164965672571489/N1f70064c-66fd-46f0-88db-a0933ce21636-small.png","mediumIconUri":"/7653164965672571489/N168bb913-af3c-4b80-8066-b0a903700335-medium.png","largeIconUri":"/7653164965672571489/Nceaa41d6-f203-455f-a5dd-66ec1f53f774-large.png","wideIconUri":"/7653164965672571489/Nebbb486b-bb1d-4735-a7c3-17edf19ebc42-wide.png"},"connectionReferences":{},"databaseReferences":{},"almMode":"Environment","performanceOptimizationEnabled":true,"canConsumeAppPass":true,"executionRestrictions":{"isTeamsOnly":false,"dataLossPreventionEvaluationResult":{"status":"Compliant","lastEvaluationDate":"2021-09-27T21:13:55.3131423Z","violations":[],"violationsByPolicy":[],"violationErrorMessage":"The app uses the following connectors: ."}}},"appType":"ClassicCanvasApp","appComponents":[]}}