{"schemaVersion":"1.0","appDefinitionTemplate":{"id":"/providers/Microsoft.PowerApps/apps/","type":"Microsoft.PowerApps/apps","tags":{"primaryDeviceWidth":"1366","primaryDeviceHeight":"768","sienaVersion":"20210909T173821Z-3.21083.28.0","deviceCapabilities":"","supportsPortrait":"true","supportsLandscape":"true","primaryFormFactor":"Tablet","publisherVersion":"3.21083.28","minimumRequiredApiVersion":"2.2.0","hasComponent":"false","hasUnlockedComponent":"false","isUnifiedRootApp":"false"},"properties":{"appVersion":"2021-09-09T17:38:21Z","lifeCycleId":"Published","createdByClientVersion":{"major":3,"minor":21083,"build":28,"revision":0,"majorRevision":0,"minorRevision":0},"minClientVersion":{"major":3,"minor":21083,"build":28,"revision":0,"majorRevision":0,"minorRevision":0},"backgroundColor":"rgba(0, 176, 240, 1)","backgroundImageUri":"/3386819472385324349/N21818a30-e92e-4f23-a3f4-6b61dabe9aa1-logoSmallFile","displayName":"Horizontal and Vertical Gallery with Headers","description":"","commitMessage":"","appUris":{"documentUri":{"value":"/3386819472385324349/N3e8e3cf7-289b-4540-ad8c-675b11a7adc1-document.msapp"},"imageUris":[]},"createdTime":"0001-01-01T00:00:00Z","lastModifiedTime":"0001-01-01T00:00:00Z","sharedGroupsCount":0,"sharedUsersCount":0,"icons":{"smallIconUri":"/3386819472385324349/N23e4a41b-18d3-4513-ae08-3caa2abdc6c7-small.png","mediumIconUri":"/3386819472385324349/N5a27ca02-e650-43f9-866d-0b75235817b8-medium.png","largeIconUri":"/3386819472385324349/Nde29f649-5ca9-4b6e-8532-35515d8b691c-large.png","wideIconUri":"/3386819472385324349/Nd919f198-3b67-4c58-9c78-c63403fe677e-wide.png"},"connectionReferences":{},"databaseReferences":{},"almMode":"Environment","performanceOptimizationEnabled":true,"canConsumeAppPass":true,"executionRestrictions":{"isTeamsOnly":false,"dataLossPreventionEvaluationResult":{"status":"Compliant","lastEvaluationDate":"2021-09-09T17:38:36.7182282Z","violations":[],"violationsByPolicy":[],"violationErrorMessage":"The app uses the following connectors: ."}}},"appType":"ClassicCanvasApp","appComponents":[]}}